run_id,receiver,receiver_instance_id,stage_key,stage_ru,scope_ru,meaning_ru,hardware_rx_conversion_valid,hardware_rx_invalid_reason,min_us,p50_us,p99_us,p999_us,phc_calibration_max_uncertainty_us
fanout-dpdk-n3-20260829T181636Z,receiver-1,i-058874b504da2d85b,source_to_transport_ns,Producer → transport,локально на source,очередь producer и вход sender в сетевой backend,False,"RX timestamp принадлежит PHC data ENI, а доступная калибровка — PHC control ENI; ENA PMD 25.11 не предоставляет read_clock для data ENI",0.05,0.58,2.48,3.11,1.195
fanout-dpdk-n3-20260829T181636Z,receiver-1,i-058874b504da2d85b,transport_to_receiver_ns,Transport → receiver,"между хостами, с остаточным clock offset","сборка/TX, ENA, Nitro/VPC, физическая сеть, ENA RX и возврат DPDK burst",False,"RX timestamp принадлежит PHC data ENI, а доступная калибровка — PHC control ENI; ENA PMD 25.11 не предоставляет read_clock для data ENI",106.456,109.597,114.214,123.567,1.195
fanout-dpdk-n3-20260829T181636Z,receiver-1,i-058874b504da2d85b,dpdk_burst_to_software_receiver_ns,Возврат DPDK burst → публикация receiver,локально на receiver,"проверка пакета, wire decode и запись в SPSC",False,"RX timestamp принадлежит PHC data ENI, а доступная калибровка — PHC control ENI; ENA PMD 25.11 не предоставляет read_clock для data ENI",0.02,0.14,0.68,1.27,1.195
fanout-dpdk-n3-20260829T181636Z,receiver-1,i-058874b504da2d85b,receiver_to_consumer_ns,Receiver → consumer,локально на receiver,очередь receiver и наблюдение consumer,False,"RX timestamp принадлежит PHC data ENI, а доступная калибровка — PHC control ENI; ENA PMD 25.11 не предоставляет read_clock для data ENI",0.06,0.26,0.99,3.091,1.195
fanout-dpdk-n3-20260829T181636Z,receiver-2,i-03af1fd4646961599,source_to_transport_ns,Producer → transport,локально на source,очередь producer и вход sender в сетевой backend,False,"RX timestamp принадлежит PHC data ENI, а доступная калибровка — PHC control ENI; ENA PMD 25.11 не предоставляет read_clock для data ENI",0.05,0.58,2.48,3.11,4.795
fanout-dpdk-n3-20260829T181636Z,receiver-2,i-03af1fd4646961599,transport_to_receiver_ns,Transport → receiver,"между хостами, с остаточным clock offset","сборка/TX, ENA, Nitro/VPC, физическая сеть, ENA RX и возврат DPDK burst",False,"RX timestamp принадлежит PHC data ENI, а доступная калибровка — PHC control ENI; ENA PMD 25.11 не предоставляет read_clock для data ENI",120.315,123.291,127.909,137.986,4.795
fanout-dpdk-n3-20260829T181636Z,receiver-2,i-03af1fd4646961599,dpdk_burst_to_software_receiver_ns,Возврат DPDK burst → публикация receiver,локально на receiver,"проверка пакета, wire decode и запись в SPSC",False,"RX timestamp принадлежит PHC data ENI, а доступная калибровка — PHC control ENI; ENA PMD 25.11 не предоставляет read_clock для data ENI",0.02,0.13,0.61,1.24,4.795
fanout-dpdk-n3-20260829T181636Z,receiver-2,i-03af1fd4646961599,receiver_to_consumer_ns,Receiver → consumer,локально на receiver,очередь receiver и наблюдение consumer,False,"RX timestamp принадлежит PHC data ENI, а доступная калибровка — PHC control ENI; ENA PMD 25.11 не предоставляет read_clock для data ENI",0.06,0.26,0.95,2.84,4.795
fanout-dpdk-n3-20260829T181636Z,receiver-3,i-0bbff8ca7d2556c4f,source_to_transport_ns,Producer → transport,локально на source,очередь producer и вход sender в сетевой backend,False,"RX timestamp принадлежит PHC data ENI, а доступная калибровка — PHC control ENI; ENA PMD 25.11 не предоставляет read_clock для data ENI",0.05,0.58,2.48,3.11,1.155
fanout-dpdk-n3-20260829T181636Z,receiver-3,i-0bbff8ca7d2556c4f,transport_to_receiver_ns,Transport → receiver,"между хостами, с остаточным clock offset","сборка/TX, ENA, Nitro/VPC, физическая сеть, ENA RX и возврат DPDK burst",False,"RX timestamp принадлежит PHC data ENI, а доступная калибровка — PHC control ENI; ENA PMD 25.11 не предоставляет read_clock для data ENI",101.051,104.284,108.582,117.208,1.155
fanout-dpdk-n3-20260829T181636Z,receiver-3,i-0bbff8ca7d2556c4f,dpdk_burst_to_software_receiver_ns,Возврат DPDK burst → публикация receiver,локально на receiver,"проверка пакета, wire decode и запись в SPSC",False,"RX timestamp принадлежит PHC data ENI, а доступная калибровка — PHC control ENI; ENA PMD 25.11 не предоставляет read_clock для data ENI",0.02,0.15,0.72,1.17,1.155
fanout-dpdk-n3-20260829T181636Z,receiver-3,i-0bbff8ca7d2556c4f,receiver_to_consumer_ns,Receiver → consumer,локально на receiver,очередь receiver и наблюдение consumer,False,"RX timestamp принадлежит PHC data ENI, а доступная калибровка — PHC control ENI; ENA PMD 25.11 не предоставляет read_clock для data ENI",0.06,0.28,0.96,2.851,1.155
