series,scope,variant,run,slots,count,rate,p50_ns,p99_ns,p999_ns,p9999_ns
cursor,process,sequence,1,1024,500000,250000,189,357,3945,7597
cursor,process,cursor,1,1024,500000,250000,194,1289,6177,10677
cursor,process,sequence,2,1024,500000,250000,193,351,3929,7832
cursor,process,cursor,2,1024,500000,250000,192,1481,6098,10465
cursor,process,sequence,3,1024,500000,250000,193,330,4422,7880
cursor,process,cursor,3,1024,500000,250000,193,2141,6105,9942
cursor,process,sequence,4,1024,500000,250000,195,365,4036,7654
cursor,process,cursor,4,1024,500000,250000,198,1973,6128,10045
cursor,process,sequence,5,1024,500000,250000,190,342,4343,7596
cursor,process,cursor,5,1024,500000,250000,186,2131,5671,9520
lean,microbenchmark,sequence,1,1024,500000,250000,279,740,4405,8908
lean,microbenchmark,lean-sequence,1,1024,500000,250000,210,568,3912,9366
lean,microbenchmark,sequence,2,1024,500000,250000,303,686,3032,7725
lean,microbenchmark,lean-sequence,2,1024,500000,250000,303,786,6137,8992
lean,microbenchmark,sequence,3,1024,500000,250000,253,662,4494,7893
lean,microbenchmark,lean-sequence,3,1024,500000,250000,249,663,4143,9088
lean,microbenchmark,sequence,4,1024,500000,250000,310,677,4436,8869
lean,microbenchmark,lean-sequence,4,1024,500000,250000,301,753,6009,8932
lean,microbenchmark,sequence,5,1024,500000,250000,274,647,5046,9487
lean,microbenchmark,lean-sequence,5,1024,500000,250000,310,665,5016,9515
prepared,microbenchmark,sequence,1,1024,500000,250000,208,564,3962,9393
prepared,microbenchmark,prepared-sequence,1,1024,500000,250000,283,757,5916,9073
prepared,microbenchmark,sequence,2,1024,500000,250000,277,753,4566,8987
prepared,microbenchmark,prepared-sequence,2,1024,500000,250000,299,810,5934,8550
prepared,microbenchmark,sequence,3,1024,500000,250000,293,661,2955,7814
prepared,microbenchmark,prepared-sequence,3,1024,500000,250000,307,788,6186,10342
prepared,microbenchmark,sequence,4,1024,500000,250000,216,543,4330,8548
prepared,microbenchmark,prepared-sequence,4,1024,500000,250000,240,613,4397,9372
prepared,microbenchmark,sequence,5,1024,500000,250000,208,567,1860,9066
prepared,microbenchmark,prepared-sequence,5,1024,500000,250000,235,610,4146,9069
layout-1024,process,sequence,1,1024,500000,250000,188,341,1188,7394
layout-1024,process,split-padded,1,1024,500000,250000,186,313,4155,8880
layout-1024,process,split-dense,1,1024,500000,250000,177,316,905,9275
layout-1024,process,sequence,2,1024,500000,250000,189,336,3794,10468
layout-1024,process,split-padded,2,1024,500000,250000,184,318,1506,10042
layout-1024,process,split-dense,2,1024,500000,250000,177,329,3815,9304
layout-1024,process,sequence,3,1024,500000,250000,189,354,880,7658
layout-1024,process,split-padded,3,1024,500000,250000,183,325,526,7834
layout-1024,process,split-dense,3,1024,500000,250000,180,340,3950,7625
layout-1024,process,sequence,4,1024,500000,250000,192,455,3836,7587
layout-1024,process,split-padded,4,1024,500000,250000,189,335,4357,9291
layout-1024,process,split-dense,4,1024,500000,250000,180,336,4306,8136
layout-1024,process,sequence,5,1024,500000,250000,192,459,3834,7592
layout-1024,process,split-padded,5,1024,500000,250000,187,342,3674,7594
layout-1024,process,split-dense,5,1024,500000,250000,181,338,3898,9130
layout-65536,process,sequence,1,65536,500000,250000,189,586,7249,12797
layout-65536,process,split-padded,1,65536,500000,250000,187,3002,8708,13798
layout-65536,process,split-dense,1,65536,500000,250000,184,3033,7875,12537
layout-65536,process,sequence,2,65536,500000,250000,188,460,7235,13003
layout-65536,process,split-padded,2,65536,500000,250000,186,3097,8872,16394
layout-65536,process,split-dense,2,65536,500000,250000,178,2947,8871,13100
layout-65536,process,sequence,3,65536,500000,250000,191,365,6246,17150
layout-65536,process,split-padded,3,65536,500000,250000,187,2925,8830,13169
layout-65536,process,split-dense,3,65536,500000,250000,181,2957,8356,13111
